epoch,loss,val_loss,accuracy,val_accuracy,objective
1,0.22131495290708206,0.2745724536742556,0.9085290482076638,0.8777777777777778,0.22523455701055506
2,0.05571481106422559,0.050599640743510275,0.9876390605686032,0.9888888888888889,0.05991284773039472
3,0.026133206501575183,0.024256815652416327,0.992583436341162,0.9925925925925926,0.030482136145952986
4,0.01793879797277865,0.0184934862915072,0.9938195302843016,0.9925925925925926,0.02235790456373185
5,0.013236655493326798,0.014613722454387633,0.9938195302843016,0.9925925925925926,0.017705209272806947
6,0.011037401021143624,0.01029648757071113,0.9962917181705809,1.0,0.015537944905662744
7,0.008724393132948502,0.01028925376809369,0.9987639060568603,1.0,0.013258693228095236
8,0.007288116975690705,0.007313854128746471,0.9987639060568603,1.0,0.011844956182730175
9,0.006212336685738367,0.006191178213733471,0.9987639060568603,1.0,0.010793129839308174
10,0.005452747034536147,0.00518714490769821,1.0,1.0,0.010053002424614389
11,0.004789488565490812,0.004587362386952766,1.0,1.0,0.009408962585240823
12,0.004298013023408926,0.004124100213798887,1.0,1.0,0.008933774334513468
13,0.003925228555102873,0.0036708849959192274,1.0,1.0,0.00857410001801863
14,0.003572546472989011,0.003188612918993603,1.0,1.0,0.008234554915366024
15,0.0032478853170504213,0.0029793218302905226,1.0,1.0,0.007925412601132515
16,0.0030123523109795527,0.002795117227426849,1.0,1.0,0.007699007246943897
17,0.0027875101056022613,0.002365973605400252,1.0,1.0,0.00748563776577014
18,0.0025338146593650497,0.0021911371984826337,1.0,1.0,0.007246874118418343
19,0.002365259684744615,0.001957960508660408,1.0,1.0,0.007085588522178582
20,0.002180940182338597,0.0018939327146595018,1.0,1.0,0.006910467816194565
21,0.0020423443276196963,0.0017151567864201803,1.0,1.0,0.006779119357813286
22,0.0019333397013204321,0.0016413594734108953,1.0,1.0,0.006675606021769398
23,0.0018298285836277385,0.001545617161869444,1.0,1.0,0.006577628821586258
24,0.0017456314117851204,0.0014639436334739425,1.0,1.0,0.006497741842174068
25,0.0016506150525078995,0.0013527896761586764,1.0,1.0,0.0064090080708209575
26,0.0015801776984435748,0.001287602284480103,1.0,1.0,0.006342412516769133
27,0.0015205809434106932,0.0012404641990330664,1.0,1.0,0.006286419220667751
28,0.001447580241360914,0.001179871681803581,1.0,1.0,0.0062164240265661815
29,0.0013920318101940342,0.001049142205661108,1.0,1.0,0.006164536387399742
30,0.001329680505263689,0.0010486587467302114,1.0,1.0,0.00610690125113558
31,0.0012788103256267508,0.0009875106932670929,1.0,1.0,0.006058032359819632
32,0.001229299895363416,0.0009627878936898461,1.0,1.0,0.006010304330082448
33,0.0011842374809221195,0.0009370419089584111,1.0,1.0,0.0059674480331557015
34,0.001141037790386098,0.0008843856095920317,1.0,1.0,0.005926729839201349
35,0.001103319674726016,0.0008452266417424015,1.0,1.0,0.005890553662345581
36,0.0010686114439060822,0.0008233791317354686,1.0,1.0,0.005857636720877331
37,0.0010404910194596842,0.0007929121098340219,1.0,1.0,0.0058303414938723295
38,0.0010091925681525622,0.0007709738396149101,1.0,1.0,0.005799134023159432
39,0.000977706595841679,0.0007606854254690885,1.0,1.0,0.005768751989090213
40,0.0009505998663047506,0.0007289886424906217,1.0,1.0,0.005742171534920379
41,0.0009303061713331828,0.0007138881400105328,1.0,1.0,0.0057215388226537715
42,0.0009000701745080573,0.0006845471070824604,1.0,1.0,0.0056935644316562515
43,0.0008762904550196212,0.0006677815237664173,1.0,1.0,0.005669239993930326
44,0.0008528036111954303,0.0006595699462955266,1.0,1.0,0.0056462806540885525
45,0.000833134114779642,0.0006480176209057782,1.0,1.0,0.005625974406681003
46,0.0008162030562642544,0.0006293879812515508,1.0,1.0,0.00560879376774639
47,0.0007966781554648004,0.0006149395732230026,1.0,1.0,0.005588454219235179
48,0.0007786445244437126,0.0006146291761821999,1.0,1.0,0.005570868295315746
49,0.0007621619539369968,0.0005938075142199686,1.0,1.0,0.005553687549097497
50,0.0007449908305756321,0.0005734081800679705,1.0,1.0,0.005535551382763597
51,0.0007280629074801483,0.0005611125411437111,1.0,1.0,0.005517761576849775
52,0.0007108250987593025,0.0005452406042260128,1.0,1.0,0.005500174312281383
53,0.0006982668969551191,0.0005325845442959923,1.0,1.0,0.005487219806676025
54,0.0006840902501193333,0.0005288086617162565,1.0,1.0,0.005471061078411868
55,0.0006714074101917425,0.0005153457323245078,1.0,1.0,0.005457145749896747
56,0.0006613600539028273,0.0005034118722773105,1.0,1.0,0.005446216254735109
57,0.0006486103506444022,0.0004967063343301938,1.0,1.0,0.005431437012114065
58,0.0006378013490190322,0.0004874477272785893,1.0,1.0,0.005418951904323701
59,0.0006277274044314902,0.0004819167623705111,1.0,1.0,0.005407715290907636
60,0.0006170596853451429,0.00046028509040163713,1.0,1.0,0.005395218769234095
61,0.0006039835506285338,0.0004534034679923268,1.0,1.0,0.005381032985434183
62,0.0006033082971119429,0.00046162097062878464,1.0,1.0,0.005377831463758009
63,0.0005866754077888395,0.00044466711578013655,1.0,1.0,0.005360283740254258
64,0.0005911238352966943,0.0004542176306230375,1.0,1.0,0.005362617776344413
65,0.0005583454360631152,0.0004349885174993562,1.0,1.0,0.005330500043354154
66,0.0005497574487299541,0.0004282510927418408,1.0,1.0,0.005319959739273363
67,0.0005418865750869196,0.0004213140463696246,1.0,1.0,0.005309934458471647
68,0.0005328042200595992,0.0004131057160467288,1.0,1.0,0.005299276620780743
69,0.0005250823536382083,0.00040550017270634097,1.0,1.0,0.0052893534237461745
70,0.0005190017033435077,0.0003990282419918142,1.0,1.0,0.005280847265150905
71,0.0005128357121510017,0.0003879311162078854,1.0,1.0,0.0052724173819424045
72,0.0005034679553673262,0.0003856018476047972,1.0,1.0,0.005261531294948633
73,0.00049790033203759,0.00038249327525454786,1.0,1.0,0.005253420496278169
74,0.0004923242044684506,0.0003775425375136824,1.0,1.0,0.005245125658919305
75,0.00048717418405770755,0.0003705063778754712,1.0,1.0,0.0052373060469720215
76,0.0004815509661454257,0.000360633075428308,1.0,1.0,0.005228705470917089
77,0.0004762242512749095,0.0003558024425560928,1.0,1.0,0.005220902066578752
78,0.00046943337629163555,0.0003544633238359417,1.0,1.0,0.00521166016359814
79,0.0004642773490281968,0.00035716583708300735,1.0,1.0,0.005204249487217836
80,0.00045672828412775414,0.00034750997315309074,1.0,1.0,0.005194850845503323
81,0.0004523087371536277,0.0003434761772723328,1.0,1.0,0.005187413584698529
82,0.00044677129810890767,0.0003384310462178496,1.0,1.0,0.005180041147074286
83,0.00044202544231614115,0.00033627062430451575,1.0,1.0,0.0051723053059175884
84,0.0004380092751859723,0.0003257770172505358,1.0,1.0,0.005165748158763767
85,0.0004331057311057942,0.0003294854094684895,1.0,1.0,0.0051575135118875305
86,0.0004289550437182277,0.00032209344311413574,1.0,1.0,0.005150862969325265
87,0.0004254303808937675,0.0003218282188466834,1.0,1.0,0.005144034111183068
88,0.0004221793103155751,0.00032090427644364435,1.0,1.0,0.005137474489615298
89,0.00041796442222458434,0.0003114295588601088,1.0,1.0,0.005130925948134998
90,0.00041470384217521275,0.0003105993908544389,1.0,1.0,0.005124775696584157
91,0.0004108907601609134,0.00030783431498505095,1.0,1.0,0.005117803449655259
92,0.00040724902521622976,0.0003092460973868142,1.0,1.0,0.005111067792978713
93,0.0004046032454082976,0.00030701010761095067,1.0,1.0,0.005104988321496505
94,0.00040148235958912203,0.000303275333998697,1.0,1.0,0.005099088394626963
95,0.00039840766199138693,0.0003003412470524228,1.0,1.0,0.005092734570371842
96,0.0003953622925793996,0.0002977568836334235,1.0,1.0,0.005086495220587788
97,0.0003924251440003815,0.0002976749647412219,1.0,1.0,0.00508034238976584
98,0.00038994607566260987,0.0002988287028400734,1.0,1.0,0.005074528466014606
99,0.00038727233427105693,0.000292748571030339,1.0,1.0,0.005068545876713288
100,0.00038456741964713507,0.0002918070375439781,1.0,1.0,0.005062746647138006
101,0.0003819294191744328,0.000290611773838365,1.0,1.0,0.005056929055850652
102,0.00037909772615508903,0.0002830955791117194,1.0,1.0,0.005050915655363567
103,0.00037616130122146814,0.0002804873373761198,1.0,1.0,0.005044852893738023
104,0.000374098397449821,0.000279414739952398,1.0,1.0,0.005039198736248729
105,0.0003711156920501778,0.0002762650109744476,1.0,1.0,0.005033294055707284
106,0.0003685322145199764,0.0002775377712078434,1.0,1.0,0.00502742592510164
107,0.0003664706460000219,0.0002763998881288408,1.0,1.0,0.005021904632591969
108,0.0003642936500304977,0.0002752064902647881,1.0,1.0,0.0050164103098418455
109,0.00036178238599513223,0.0002734803125273438,1.0,1.0,0.0050111293345463884
110,0.0003600471499794857,0.0002724939293626249,1.0,1.0,0.005005882438866406
111,0.0003577023149199329,0.0002692306802944674,1.0,1.0,0.004999780854273549
112,0.00035548276133763867,0.00026821936561255405,1.0,1.0,0.004994236956187585
113,0.000353206676319346,0.0002667042380484372,1.0,1.0,0.004988705829208488
114,0.00035090828121096807,0.0002620538661729611,1.0,1.0,0.00498350222645602
115,0.0003489462739420291,0.0002629029208224038,1.0,1.0,0.004977980004901472
116,0.0003471603736287872,0.0002618540496343328,1.0,1.0,0.004973009663929004
117,0.0003452465175733041,0.0002571755572366435,1.0,1.0,0.004967378637882038
118,0.0003432525052131843,0.00025787869188290206,1.0,1.0,0.004961869814419221
119,0.0003417377776651851,0.00025910597241568745,1.0,1.0,0.004956742030567289
120,0.00034006367437023363,0.0002583725318854251,1.0,1.0,0.004951652130843286
121,0.00033856856535299877,0.000256010678114981,1.0,1.0,0.004946487940955683
122,0.0003368549226353395,0.00025378116991799023,1.0,1.0,0.004941151905016767
123,0.0003352929065714586,0.00025129489317848164,1.0,1.0,0.004936079652435314
124,0.00033387930919108027,0.0002526167290424669,1.0,1.0,0.0049309607297226285
125,0.00033238761084779077,0.00024920177782469745,1.0,1.0,0.004926243597381485
126,0.00033600060466102447,0.0002552068222418581,1.0,1.0,0.004925346193219854
127,0.0003294683353960781,0.0002522856508844553,1.0,1.0,0.0049162448465397785
128,0.0003278048261322136,0.00025160770765835877,1.0,1.0,0.004911154186211795
129,0.0003248416346912356,0.00024776418116312756,1.0,1.0,0.00490512527151322
130,0.0003235457329006219,0.00024526724258250727,1.0,1.0,0.004900302835615292
131,0.0003214492975539998,0.00024229158336654198,1.0,1.0,0.004895043492019991
132,0.0003198078519632804,0.00024047837221488288,1.0,1.0,0.004889926425626583
133,0.0003180763246400223,0.00024061699193342025,1.0,1.0,0.004884836919352715
134,0.00031606207558708844,0.0002358468316983355,1.0,1.0,0.004880005442668012
135,0.00031497998478005856,0.00023453727910012715,1.0,1.0,0.004875167483434286
136,0.0003132758729353743,0.00023562803318768412,1.0,1.0,0.004870065253311428
137,0.00031242588060666367,0.000233919883356941,1.0,1.0,0.004865513647940992
138,0.00031134551670772536,0.00023555195549071855,1.0,1.0,0.004860415130141346
139,0.00030971763932082164,0.00023310872084934952,1.0,1.0,0.004855530677696504
140,0.00030879188252570615,0.00023224575855237693,1.0,1.0,0.004850811304615185
141,0.0003077855228548654,0.00023417811646944602,1.0,1.0,0.004846153871130536
142,0.0003069385201606439,0.00023144900238980043,1.0,1.0,0.004841401710658544
143,0.0003056941378680147,0.00023077681157681462,1.0,1.0,0.004836962362146207
144,0.00030441554840555696,0.0002304937934916206,1.0,1.0,0.004831835745945308
145,0.00030297387462000045,0.00022848211580372274,1.0,1.0,0.004827106763495625
146,0.00030217693409967454,0.0002278925097835079,1.0,1.0,0.004822475237249976
147,0.0003014655757628488,0.000228489497467737,1.0,1.0,0.004817833786730249
148,0.0002997875655891847,0.0002267064631048983,1.0,1.0,0.004813043833407731
149,0.00029867179810028137,0.00022418964378512484,1.0,1.0,0.00480834226085638
150,0.0002979152474986086,0.00022491156586765444,1.0,1.0,0.004803732455951654
