source_row,split,class
423,train,0
894,train,1
451,train,0
186,train,0
791,train,1
1237,train,1
752,train,0
1110,train,1
785,train,1
1324,train,1
1099,train,1
1033,train,1
442,train,0
780,train,1
1073,train,1
953,train,1
813,train,1
441,train,0
35,train,0
438,train,0
1273,train,1
737,train,0
116,train,0
26,train,0
60,train,0
951,train,1
432,train,0
975,train,1
329,train,0
1044,train,1
686,train,0
1005,train,1
1313,train,1
808,train,1
83,train,0
44,train,0
17,train,0
852,train,1
217,train,0
859,train,1
559,train,0
30,train,0
166,train,0
812,train,1
147,train,0
40,train,0
1265,train,1
1261,train,1
412,train,0
1328,train,1
1336,train,1
1327,train,1
575,train,0
1316,train,1
1369,train,1
1332,train,1
914,train,1
428,train,0
291,train,0
896,train,1
585,train,0
653,train,0
51,train,0
711,train,0
627,train,0
45,train,0
829,train,1
670,train,0
779,train,1
154,train,0
180,train,0
224,train,0
530,train,0
445,train,0
1314,train,1
381,train,0
1290,train,1
479,train,0
430,train,0
685,train,0
698,train,0
905,train,1
1310,train,1
988,train,1
1130,train,1
1009,train,1
809,train,1
1077,train,1
1023,train,1
1253,train,1
720,train,0
237,train,0
1111,train,1
1333,train,1
1271,train,1
176,train,0
506,train,0
845,train,1
1356,train,1
1365,train,1
724,train,0
606,train,0
924,train,1
783,train,1
554,train,0
807,train,1
971,train,1
161,train,0
787,train,1
795,train,1
1337,train,1
1277,train,1
413,train,0
949,train,1
257,train,0
454,train,0
358,train,0
1367,train,1
847,train,1
1301,train,1
249,train,0
125,train,0
1272,train,1
28,train,0
182,train,0
715,train,0
802,train,1
337,train,0
1181,train,1
136,train,0
121,train,0
1045,train,1
681,train,0
31,train,0
821,train,1
920,train,1
181,train,0
69,train,0
992,train,1
1191,train,1
1071,train,1
1140,train,1
261,train,0
459,train,0
742,train,0
0,train,0
1305,train,1
798,train,1
750,train,0
927,train,1
1233,train,1
1288,train,1
1184,train,1
429,train,0
1364,train,1
1196,train,1
758,train,0
1004,train,1
307,train,0
1236,train,1
1042,train,1
1352,train,1
1008,train,1
1093,train,1
938,train,1
1350,train,1
1026,train,1
1166,train,1
1134,train,1
478,train,0
171,train,0
1228,train,1
514,train,0
43,train,0
229,train,0
1360,train,1
1177,train,1
162,train,0
1006,train,1
16,train,0
1219,train,1
1343,train,1
1245,train,1
911,train,1
876,train,1
620,train,0
623,train,0
811,train,1
131,train,0
668,train,0
1243,train,1
773,train,1
87,train,0
462,train,0
721,train,0
818,train,1
434,train,0
576,train,0
856,train,1
1123,train,1
57,train,0
549,train,0
380,train,0
1056,train,1
219,train,0
994,train,1
222,train,0
197,train,0
913,train,1
974,train,1
27,train,0
763,train,1
3,train,0
319,train,0
187,train,0
244,train,0
215,train,0
562,train,0
580,train,0
1202,train,1
296,train,0
318,train,0
155,train,0
149,train,0
364,train,0
491,train,0
989,train,1
80,train,0
1242,train,1
781,train,1
772,train,1
97,train,0
393,train,0
496,train,0
740,train,0
866,train,1
144,train,0
904,train,1
738,train,0
675,train,0
944,train,1
1259,train,1
1319,train,1
1280,train,1
1174,train,1
731,train,0
1112,train,1
835,train,1
850,train,1
325,train,0
158,train,0
301,train,0
746,train,0
1101,train,1
1238,train,1
1189,train,1
978,train,1
628,train,0
1153,train,1
49,train,0
133,train,0
242,train,0
1179,train,1
408,train,0
906,train,1
119,train,0
1279,train,1
33,train,0
1155,train,1
223,train,0
897,train,1
513,train,0
46,train,0
1322,train,1
991,train,1
173,train,0
384,train,0
770,train,1
148,train,0
247,train,0
61,train,0
1246,train,1
1085,train,1
194,train,0
708,train,0
577,train,0
611,train,0
153,train,0
422,train,0
248,train,0
903,train,1
535,train,0
1349,train,1
917,train,1
649,train,0
1286,train,1
1046,train,1
1086,train,1
755,train,0
374,train,0
503,train,0
52,train,0
240,train,0
152,train,0
174,train,0
1171,train,1
956,train,1
1190,train,1
588,train,0
1014,train,1
584,train,0
1339,train,1
1084,train,1
1149,train,1
310,train,0
614,train,0
1133,train,1
504,train,0
1207,train,1
527,train,0
1205,train,1
776,train,1
862,train,1
101,train,0
930,train,1
870,train,1
263,train,0
595,train,0
396,train,0
21,train,0
168,train,0
204,train,0
851,train,1
1234,train,1
895,train,1
1347,train,1
126,train,0
932,train,1
1344,train,1
1192,train,1
538,train,0
1298,train,1
555,train,0
185,train,0
285,train,0
590,train,0
275,train,0
706,train,0
1208,train,1
48,train,0
140,train,0
909,train,1
943,train,1
446,train,0
483,train,0
341,train,0
356,train,0
557,train,0
471,train,0
250,train,0
982,train,1
997,train,1
111,train,0
1267,train,1
455,train,0
317,train,0
570,train,0
846,train,1
840,train,1
221,train,0
36,train,0
24,train,0
1150,train,1
782,train,1
480,train,0
306,train,0
556,train,0
331,train,0
482,train,0
805,train,1
258,train,0
1258,train,1
450,train,0
137,train,0
1124,train,1
1206,train,1
359,train,0
1235,train,1
344,train,0
1254,train,1
165,train,0
655,train,0
443,train,0
487,train,0
11,train,0
1052,train,1
59,train,0
164,train,0
839,train,1
934,train,1
935,train,1
1120,train,1
908,train,1
1247,train,1
1194,train,1
1040,train,1
109,train,0
610,train,0
1075,train,1
460,train,0
873,train,1
1115,train,1
313,train,0
1281,train,1
926,train,1
141,train,0
1159,train,1
206,train,0
1244,train,1
330,train,0
1043,train,1
212,train,0
208,train,0
102,train,0
702,train,0
493,train,0
75,train,0
647,train,0
1296,train,1
92,train,0
84,train,0
1051,train,1
915,train,1
560,train,0
511,train,0
1050,train,1
966,train,1
270,train,0
664,train,0
719,train,0
945,train,1
710,train,0
366,train,0
1142,train,1
1214,train,1
1226,train,1
67,train,0
146,train,0
117,train,0
587,train,0
73,train,0
407,train,0
621,train,0
634,train,0
386,train,0
512,train,0
834,train,1
1371,train,1
409,train,0
210,train,0
274,train,0
1087,train,1
1011,train,1
630,train,0
1003,train,1
287,train,0
643,train,0
1157,train,1
1220,train,1
800,train,1
923,train,1
1127,train,1
23,train,0
1068,train,1
19,train,0
290,train,0
1151,train,1
1211,train,1
1276,train,1
626,train,0
739,train,0
134,train,0
1000,train,1
105,train,0
865,train,1
717,train,0
976,train,1
98,train,0
65,train,0
1060,train,1
1217,train,1
1252,train,1
203,train,0
1113,train,1
1263,train,1
583,train,0
958,train,1
918,train,1
632,train,0
550,train,0
624,train,0
714,train,0
132,train,0
1129,train,1
516,train,0
684,train,0
38,train,0
175,train,0
699,train,0
156,train,0
241,train,0
579,train,0
1021,train,1
1262,train,1
85,train,0
122,train,0
1162,train,1
486,train,0
55,train,0
416,train,0
473,train,0
390,train,0
1028,train,1
108,train,0
1330,train,1
414,train,0
348,train,0
947,train,1
592,train,0
1197,train,1
827,train,1
378,train,0
666,train,0
303,train,0
104,train,0
231,train,0
671,train,0
347,train,0
639,train,0
692,train,0
734,train,0
965,train,1
990,train,1
391,train,0
893,train,1
314,train,0
757,train,0
759,train,0
1013,train,1
602,train,0
470,train,0
1105,train,1
645,train,0
564,train,0
99,train,0
646,train,0
603,train,0
1215,train,1
608,train,0
1183,train,1
376,train,0
1036,train,1
586,train,0
969,train,1
568,train,0
128,train,0
198,train,0
475,train,0
1241,train,1
563,train,0
100,train,0
1361,train,1
799,train,1
803,train,1
78,train,0
884,train,1
661,train,0
418,train,0
1340,train,1
871,train,1
394,train,0
1260,train,1
265,train,0
754,train,0
707,train,0
960,train,1
929,train,1
334,train,0
277,train,0
1199,train,1
683,train,0
616,train,0
659,train,0
120,train,0
999,train,1
1102,train,1
1315,train,1
336,train,0
142,train,0
572,train,0
1095,train,1
1229,train,1
1362,train,1
369,train,0
463,train,0
1119,train,1
461,train,0
1178,train,1
439,train,0
529,train,0
891,train,1
878,train,1
998,train,1
129,train,0
74,train,0
833,train,1
54,train,0
946,train,1
235,train,0
980,train,1
889,train,1
519,train,0
489,train,0
1167,train,1
993,train,1
395,train,0
596,train,0
1065,train,1
267,train,0
259,train,0
130,train,0
1076,train,1
962,train,1
81,train,0
495,train,0
1066,train,1
230,train,0
762,train,1
1354,train,1
1308,train,1
207,train,0
700,train,0
825,train,1
1223,train,1
898,train,1
733,train,0
1020,train,1
1269,train,1
157,train,0
977,train,1
1198,train,1
531,train,0
246,train,0
1063,train,1
1182,train,1
743,train,0
1137,train,1
682,train,0
251,train,0
316,train,0
202,train,0
1257,train,1
919,train,1
936,train,1
387,train,0
1141,train,1
890,train,1
1057,train,1
1158,train,1
29,train,0
264,train,0
178,train,0
403,train,0
484,train,0
279,train,0
1240,train,1
892,train,1
1118,train,1
984,train,1
56,train,0
532,train,0
1282,train,1
1131,train,1
1116,train,1
792,train,1
1307,train,1
440,train,0
227,train,0
748,train,0
196,train,0
322,train,0
618,train,0
652,train,0
239,train,0
1222,train,1
288,train,0
625,train,0
485,train,0
253,train,0
447,train,0
349,train,0
1278,train,1
1294,train,1
1275,train,1
886,train,1
663,train,0
9,train,0
822,train,1
236,train,0
778,train,1
282,train,0
1221,train,1
280,train,0
1025,train,1
170,train,0
593,train,0
704,train,0
8,train,0
472,train,0
985,train,1
952,train,1
515,train,0
680,train,0
1323,train,1
569,train,0
885,train,1
693,train,0
933,train,1
1070,train,1
437,train,0
995,train,1
1100,train,1
63,train,0
902,train,1
594,train,0
1249,train,1
970,train,1
481,train,0
540,train,0
1032,train,1
1067,train,1
72,train,0
745,train,0
266,train,0
91,train,0
548,train,0
597,train,0
14,train,0
400,train,0
823,train,1
335,train,0
688,train,0
1010,train,1
1146,train,1
574,train,0
1164,train,1
842,train,1
464,train,0
523,train,0
1168,train,1
401,train,0
62,train,0
435,train,0
591,train,0
370,train,0
1114,train,1
1097,train,1
20,train,0
819,train,1
6,train,0
689,train,0
941,train,1
500,train,0
831,train,1
365,train,0
844,train,1
722,train,0
457,train,0
872,train,1
1255,train,1
679,train,0
1037,train,1
1351,train,1
701,train,0
912,train,1
1176,train,1
638,train,0
201,train,0
363,train,0
1231,train,1
830,train,1
338,train,0
477,train,0
828,train,1
497,train,0
599,train,0
1069,train,1
2,train,0
940,train,1
942,train,1
420,train,0
1239,train,1
1268,train,1
1107,train,1
289,train,0
907,train,1
764,train,1
718,train,0
127,train,0
1055,val,1
368,val,0
260,val,0
1284,val,1
801,val,1
392,val,0
188,val,0
788,val,1
986,val,1
1213,val,1
517,val,0
863,val,1
12,val,0
499,val,0
959,val,1
981,val,1
1108,val,1
636,val,0
18,val,0
256,val,0
415,val,0
1225,val,1
167,val,0
1292,val,1
541,val,0
861,val,1
786,val,1
1169,val,1
824,val,1
426,val,0
25,val,0
1030,val,1
937,val,1
159,val,0
849,val,1
328,val,0
449,val,0
276,val,0
1325,val,1
744,val,0
1318,val,1
665,val,0
1355,val,1
1200,val,1
1165,val,1
581,val,0
1122,val,1
1015,val,1
922,val,1
1054,val,1
1154,val,1
1089,val,1
200,val,0
295,val,0
1357,val,1
525,val,0
1156,val,1
22,val,0
68,val,0
1128,val,1
205,val,0
705,val,0
939,val,1
113,val,0
810,val,1
490,val,0
736,val,0
218,val,0
607,val,0
1256,val,1
163,val,0
703,val,0
37,val,0
86,val,0
425,val,0
633,val,0
1326,val,1
7,val,0
1019,val,1
797,val,1
406,val,0
1136,val,1
1216,val,1
1082,val,1
542,val,0
228,val,0
32,val,0
667,val,0
860,val,1
444,val,0
964,val,1
1017,val,1
1012,val,1
505,val,0
76,val,0
887,val,1
747,val,0
389,val,0
804,val,1
673,val,0
419,val,0
269,val,0
1160,val,1
1248,val,1
1209,val,1
598,val,0
214,val,0
899,val,1
817,val,1
233,val,0
524,val,0
928,val,1
95,val,0
1232,val,1
751,val,0
375,val,0
1309,val,1
769,val,1
211,val,0
815,val,1
421,val,0
177,val,0
1138,val,1
145,val,0
271,val,0
488,val,0
879,val,1
13,val,0
600,val,0
676,val,0
150,val,0
612,val,0
1341,val,1
1346,val,1
1172,val,1
774,val,1
292,val,0
687,val,0
1125,val,1
377,val,0
1289,val,1
948,val,1
1090,val,1
452,val,0
1094,val,1
857,val,1
656,val,0
371,val,0
1251,val,1
340,val,0
234,val,0
820,val,1
838,val,1
578,val,0
151,val,0
864,val,1
753,val,0
567,val,0
1143,val,1
1072,val,1
677,val,0
298,val,0
353,val,0
213,val,0
1193,val,1
94,val,0
332,val,0
1210,val,1
979,val,1
1195,val,1
79,val,0
433,val,0
921,val,1
357,val,0
765,val,1
474,val,0
775,val,1
411,val,0
613,val,0
1041,val,1
209,val,0
507,val,0
796,val,1
1145,val,1
305,val,0
252,val,0
333,val,0
1338,val,1
1029,val,1
760,val,0
160,val,0
402,val,0
1334,val,1
528,val,0
957,val,1
93,val,0
255,val,0
996,val,1
71,val,0
1083,val,1
814,val,1
1173,val,1
262,val,0
789,val,1
1312,val,1
1126,val,1
1074,val,1
302,val,0
660,val,0
238,val,0
713,val,0
312,val,0
784,val,1
589,val,0
4,val,0
582,val,0
1370,val,1
1295,val,1
243,val,0
729,val,0
987,val,1
1035,val,1
399,val,0
1018,val,1
1098,val,1
1088,val,1
510,val,0
1363,val,1
373,val,0
326,val,0
534,val,0
678,val,0
539,val,0
1016,val,1
494,val,0
853,val,1
110,val,0
1039,val,1
299,val,0
1299,val,1
1204,val,1
183,val,0
354,val,0
220,val,0
89,val,0
537,val,0
790,val,1
254,val,0
361,val,0
1304,val,1
1187,val,1
867,val,1
1079,val,1
367,val,0
644,val,0
1321,val,1
135,val,0
1059,val,1
346,val,0
465,val,0
245,val,0
954,val,1
1007,val,1
533,val,0
90,val,0
96,val,0
545,val,0
405,val,0
1027,val,1
726,val,0
42,test,0
925,test,1
1291,test,1
640,test,0
1186,test,1
1148,test,1
15,test,0
192,test,0
561,test,0
741,test,0
1092,test,1
502,test,0
88,test,0
304,test,0
466,test,0
297,test,0
766,test,1
70,test,0
1144,test,1
732,test,0
601,test,0
362,test,0
521,test,0
1001,test,1
573,test,0
1132,test,1
609,test,0
343,test,0
1329,test,1
1201,test,1
324,test,0
826,test,1
712,test,0
1203,test,1
82,test,0
816,test,1
360,test,0
637,test,0
651,test,0
558,test,0
1180,test,1
1320,test,1
1170,test,1
1175,test,1
728,test,0
1103,test,1
311,test,0
749,test,0
143,test,0
855,test,1
278,test,0
469,test,0
565,test,0
1080,test,1
272,test,0
854,test,1
522,test,0
875,test,1
1345,test,1
901,test,1
841,test,1
725,test,0
553,test,0
631,test,0
112,test,0
1081,test,1
1300,test,1
283,test,0
77,test,0
1348,test,1
910,test,1
843,test,1
1218,test,1
883,test,1
1212,test,1
1161,test,1
735,test,0
114,test,0
1024,test,1
662,test,0
1121,test,1
1058,test,1
1109,test,1
225,test,0
836,test,1
138,test,0
1230,test,1
1031,test,1
777,test,1
767,test,1
869,test,1
382,test,0
1034,test,1
123,test,0
605,test,0
468,test,0
1293,test,1
103,test,0
880,test,1
286,test,0
508,test,0
1285,test,1
972,test,1
1188,test,1
1106,test,1
1061,test,1
955,test,1
388,test,0
544,test,0
1224,test,1
526,test,0
888,test,1
453,test,0
1053,test,1
967,test,1
216,test,0
385,test,0
868,test,1
58,test,0
458,test,0
410,test,0
1306,test,1
1185,test,1
1062,test,1
629,test,0
66,test,0
695,test,0
536,test,0
1117,test,1
273,test,0
837,test,1
916,test,1
448,test,0
397,test,0
1366,test,1
1302,test,1
983,test,1
1,test,0
551,test,0
355,test,0
973,test,1
547,test,0
501,test,0
64,test,0
199,test,0
806,test,1
456,test,0
690,test,0
339,test,0
658,test,0
1038,test,1
1342,test,1
694,test,0
881,test,1
189,test,0
5,test,0
543,test,0
619,test,0
1331,test,1
467,test,0
697,test,0
858,test,1
1303,test,1
1250,test,1
34,test,0
184,test,0
115,test,0
648,test,0
492,test,0
107,test,0
342,test,0
323,test,0
674,test,0
327,test,0
308,test,0
756,test,0
961,test,1
874,test,1
1047,test,1
1139,test,1
124,test,0
321,test,0
635,test,0
1297,test,1
931,test,1
118,test,0
723,test,0
566,test,0
642,test,0
10,test,0
1002,test,1
232,test,0
1022,test,1
281,test,0
650,test,0
39,test,0
771,test,1
431,test,0
294,test,0
1049,test,1
383,test,0
50,test,0
794,test,1
1283,test,1
1335,test,1
832,test,1
641,test,0
1104,test,1
669,test,0
424,test,0
1287,test,1
950,test,1
546,test,0
518,test,0
1227,test,1
571,test,0
963,test,1
172,test,0
350,test,0
1064,test,1
1048,test,1
1091,test,1
53,test,0
761,test,0
520,test,0
293,test,0
1264,test,1
617,test,0
622,test,0
696,test,0
793,test,1
179,test,0
509,test,0
379,test,0
1368,test,1
1317,test,1
1147,test,1
672,test,0
193,test,0
1135,test,1
1274,test,1
1096,test,1
1270,test,1
882,test,1
654,test,0
1163,test,1
1078,test,1
106,test,0
417,test,0
900,test,1
552,test,0
372,test,0
1311,test,1
1353,test,1
848,test,1
877,test,1
398,test,0
730,test,0
1152,test,1
1358,test,1
768,test,1
709,test,0
1359,test,1
41,test,0
1266,test,1
309,test,0
191,test,0
169,test,0
968,test,1
