threshold,accuracy,precision,recall,f1,roc_auc,average_precision,tn,fp,fn,tp
5e-324,0.45185185185185184,0.45185185185185184,1.0,0.6224489795918368,1.0,1.0,0,148,0,122
1.4806089433434936e-08,0.45555555555555555,0.45353159851301117,1.0,0.6240409207161125,1.0,1.0,1,147,0,122
2.1102216195064616e-08,0.45925925925925926,0.4552238805970149,1.0,0.6256410256410256,1.0,1.0,2,146,0,122
3.727914462843164e-08,0.46296296296296297,0.45692883895131087,1.0,0.6272493573264781,1.0,1.0,3,145,0,122
5.8353989656859764e-08,0.4666666666666667,0.45864661654135336,1.0,0.6288659793814433,1.0,1.0,4,144,0,122
6.928988270640089e-08,0.4703703703703704,0.46037735849056605,1.0,0.6304909560723514,1.0,1.0,5,143,0,122
7.002132003074477e-08,0.4740740740740741,0.4621212121212121,1.0,0.6321243523316062,1.0,1.0,6,142,0,122
7.471163186544401e-08,0.4777777777777778,0.46387832699619774,1.0,0.6337662337662338,1.0,1.0,7,141,0,122
8.285253305094512e-08,0.48148148148148145,0.46564885496183206,1.0,0.6354166666666666,1.0,1.0,8,140,0,122
9.418228944075672e-08,0.48518518518518516,0.4674329501915709,1.0,0.6370757180156658,1.0,1.0,9,139,0,122
1.0240150233912755e-07,0.4888888888888889,0.46923076923076923,1.0,0.6387434554973822,1.0,1.0,10,138,0,122
1.0401256413225019e-07,0.4925925925925926,0.47104247104247104,1.0,0.6404199475065617,1.0,1.0,11,137,0,122
1.0598624206812272e-07,0.4962962962962963,0.4728682170542636,1.0,0.6421052631578947,1.0,1.0,12,136,0,122
1.0914131734000027e-07,0.5,0.47470817120622566,1.0,0.6437994722955145,1.0,1.0,13,135,0,122
1.1411825746910488e-07,0.5037037037037037,0.4765625,1.0,0.6455026455026455,1.0,1.0,14,134,0,122
1.1968018847969272e-07,0.5074074074074074,0.47843137254901963,1.0,0.6472148541114059,1.0,1.0,15,133,0,122
1.4259444755745715e-07,0.5111111111111111,0.48031496062992124,1.0,0.648936170212766,1.0,1.0,16,132,0,122
1.6264428861985572e-07,0.5148148148148148,0.48221343873517786,1.0,0.6506666666666666,1.0,1.0,17,131,0,122
1.779349874036637e-07,0.5185185185185185,0.48412698412698413,1.0,0.6524064171122995,1.0,1.0,18,130,0,122
2.505310495682417e-07,0.5222222222222223,0.4860557768924303,1.0,0.6541554959785523,1.0,1.0,19,129,0,122
3.201461449050287e-07,0.5259259259259259,0.488,1.0,0.6559139784946236,1.0,1.0,20,128,0,122
3.458789784409588e-07,0.5296296296296297,0.4899598393574297,1.0,0.6576819407008087,1.0,1.0,21,127,0,122
3.6529121424868307e-07,0.5333333333333333,0.49193548387096775,1.0,0.6594594594594595,1.0,1.0,22,126,0,122
3.7794357546465015e-07,0.5370370370370371,0.4939271255060729,1.0,0.6612466124661247,1.0,1.0,23,125,0,122
3.9825144164567415e-07,0.5407407407407407,0.4959349593495935,1.0,0.6630434782608695,1.0,1.0,24,124,0,122
4.168696517992098e-07,0.5444444444444444,0.49795918367346936,1.0,0.6648501362397821,1.0,1.0,25,123,0,122
4.783472510131391e-07,0.5481481481481482,0.5,1.0,0.6666666666666666,1.0,1.0,26,122,0,122
5.402000158784158e-07,0.5518518518518518,0.5020576131687243,1.0,0.6684931506849315,1.0,1.0,27,121,0,122
5.803750313701372e-07,0.5555555555555556,0.5041322314049587,1.0,0.6703296703296703,1.0,1.0,28,120,0,122
6.183450915295824e-07,0.5592592592592592,0.5062240663900415,1.0,0.6721763085399449,1.0,1.0,29,119,0,122
6.220682576329048e-07,0.562962962962963,0.5083333333333333,1.0,0.6740331491712708,1.0,1.0,30,118,0,122
7.002853211157844e-07,0.5666666666666667,0.5104602510460251,1.0,0.6759002770083102,1.0,1.0,31,117,0,122
8.183438050941708e-07,0.5703703703703704,0.5126050420168067,1.0,0.6777777777777778,1.0,1.0,32,116,0,122
8.618621696527716e-07,0.5740740740740741,0.5147679324894515,1.0,0.6796657381615598,1.0,1.0,33,115,0,122
8.83654362595577e-07,0.5777777777777777,0.5169491525423728,1.0,0.6815642458100558,1.0,1.0,34,114,0,122
9.514133889333509e-07,0.5814814814814815,0.5191489361702127,1.0,0.6834733893557423,1.0,1.0,35,113,0,122
1.0441331042273346e-06,0.5851851851851851,0.5213675213675214,1.0,0.6853932584269663,1.0,1.0,36,112,0,122
1.1435863968669987e-06,0.5888888888888889,0.5236051502145923,1.0,0.6873239436619718,1.0,1.0,37,111,0,122
1.2413987624178416e-06,0.5925925925925926,0.5258620689655172,1.0,0.6892655367231638,1.0,1.0,38,110,0,122
1.4033341549166614e-06,0.5962962962962963,0.5281385281385281,1.0,0.6912181303116147,1.0,1.0,39,109,0,122
1.5341408694441483e-06,0.6,0.5304347826086957,1.0,0.6931818181818182,1.0,1.0,40,108,0,122
1.6326117088688025e-06,0.6037037037037037,0.5327510917030568,1.0,0.6951566951566952,1.0,1.0,41,107,0,122
1.8794247745544492e-06,0.6074074074074074,0.5350877192982456,1.0,0.6971428571428572,1.0,1.0,42,106,0,122
2.1497916976243277e-06,0.6111111111111112,0.5374449339207048,1.0,0.6991404011461319,1.0,1.0,43,105,0,122
2.2874905377402018e-06,0.6148148148148148,0.5398230088495575,1.0,0.7011494252873564,1.0,1.0,44,104,0,122
2.378927328446775e-06,0.6185185185185185,0.5422222222222223,1.0,0.7031700288184438,1.0,1.0,45,103,0,122
2.658437856182472e-06,0.6222222222222222,0.5446428571428571,1.0,0.7052023121387283,1.0,1.0,46,102,0,122
2.922611995875905e-06,0.6259259259259259,0.547085201793722,1.0,0.7072463768115942,1.0,1.0,47,101,0,122
2.9906276549054667e-06,0.6296296296296297,0.5495495495495496,1.0,0.7093023255813954,1.0,1.0,48,100,0,122
3.0403311693776838e-06,0.6333333333333333,0.5520361990950227,1.0,0.7113702623906706,1.0,1.0,49,99,0,122
3.164874677416909e-06,0.6370370370370371,0.5545454545454546,1.0,0.7134502923976608,1.0,1.0,50,98,0,122
3.2701573488905784e-06,0.6407407407407407,0.5570776255707762,1.0,0.7155425219941349,1.0,1.0,51,97,0,122
3.4974562980568474e-06,0.6444444444444445,0.5596330275229358,1.0,0.7176470588235294,1.0,1.0,52,96,0,122
3.94562788802276e-06,0.6481481481481481,0.5622119815668203,1.0,0.7197640117994101,1.0,1.0,53,95,0,122
4.201022053277515e-06,0.6518518518518519,0.5648148148148148,1.0,0.7218934911242604,1.0,1.0,54,94,0,122
4.286987996164102e-06,0.6555555555555556,0.5674418604651162,1.0,0.7240356083086054,1.0,1.0,55,93,0,122
4.374676364845925e-06,0.6592592592592592,0.5700934579439252,1.0,0.7261904761904762,1.0,1.0,56,92,0,122
4.437276581151318e-06,0.662962962962963,0.5727699530516432,1.0,0.7283582089552239,1.0,1.0,57,91,0,122
4.527214825947625e-06,0.6666666666666666,0.5754716981132075,1.0,0.7305389221556886,1.0,1.0,58,90,0,122
4.5942413181370475e-06,0.6703703703703704,0.5781990521327014,1.0,0.7327327327327328,1.0,1.0,59,89,0,122
4.715781283786786e-06,0.674074074074074,0.580952380952381,1.0,0.7349397590361446,1.0,1.0,60,88,0,122
4.837864099319321e-06,0.6777777777777778,0.583732057416268,1.0,0.7371601208459214,1.0,1.0,61,87,0,122
4.91535047862665e-06,0.6814814814814815,0.5865384615384616,1.0,0.7393939393939394,1.0,1.0,62,86,0,122
5.031882590706169e-06,0.6851851851851852,0.5893719806763285,1.0,0.7416413373860182,1.0,1.0,63,85,0,122
5.212843944130768e-06,0.6888888888888889,0.5922330097087378,1.0,0.7439024390243902,1.0,1.0,64,84,0,122
5.352580509693063e-06,0.6925925925925925,0.5951219512195122,1.0,0.746177370030581,1.0,1.0,65,83,0,122
5.4510657936305314e-06,0.6962962962962963,0.5980392156862745,1.0,0.7484662576687117,1.0,1.0,66,82,0,122
5.553793305441992e-06,0.7,0.6009852216748769,1.0,0.7507692307692307,1.0,1.0,67,81,0,122
5.601548211412447e-06,0.7037037037037037,0.6039603960396039,1.0,0.7530864197530864,1.0,1.0,68,80,0,122
5.678501731560845e-06,0.7074074074074074,0.6069651741293532,1.0,0.7554179566563467,1.0,1.0,69,79,0,122
5.770138717904507e-06,0.7111111111111111,0.61,1.0,0.7577639751552795,1.0,1.0,70,78,0,122
5.869031247430017e-06,0.7148148148148148,0.6130653266331658,1.0,0.7601246105919003,1.0,1.0,71,77,0,122
6.083122580995846e-06,0.7185185185185186,0.6161616161616161,1.0,0.7625,1.0,1.0,72,76,0,122
6.421214795299216e-06,0.7222222222222222,0.6192893401015228,1.0,0.7648902821316614,1.0,1.0,73,75,0,122
6.645428197500764e-06,0.725925925925926,0.6224489795918368,1.0,0.7672955974842768,1.0,1.0,74,74,0,122
6.796702702166206e-06,0.7296296296296296,0.6256410256410256,1.0,0.7697160883280757,1.0,1.0,75,73,0,122
7.087213984226985e-06,0.7333333333333333,0.6288659793814433,1.0,0.7721518987341772,1.0,1.0,76,72,0,122
7.343342618583402e-06,0.737037037037037,0.6321243523316062,1.0,0.7746031746031746,1.0,1.0,77,71,0,122
7.420319288229411e-06,0.7407407407407407,0.6354166666666666,1.0,0.7770700636942676,1.0,1.0,78,70,0,122
7.53268280655348e-06,0.7444444444444445,0.6387434554973822,1.0,0.7795527156549521,1.0,1.0,79,69,0,122
7.665574400932907e-06,0.7481481481481481,0.6421052631578947,1.0,0.782051282051282,1.0,1.0,80,68,0,122
8.001672899461673e-06,0.7518518518518519,0.6455026455026455,1.0,0.7845659163987139,1.0,1.0,81,67,0,122
8.622775480550346e-06,0.7555555555555555,0.648936170212766,1.0,0.7870967741935484,1.0,1.0,82,66,0,122
9.027326632368014e-06,0.7592592592592593,0.6524064171122995,1.0,0.7896440129449838,1.0,1.0,83,65,0,122
9.37332242283382e-06,0.762962962962963,0.6559139784946236,1.0,0.7922077922077922,1.0,1.0,84,64,0,122
1.001353239972662e-05,0.7666666666666667,0.6594594594594595,1.0,0.7947882736156352,1.0,1.0,85,63,0,122
1.049670393673099e-05,0.7703703703703704,0.6630434782608695,1.0,0.7973856209150327,1.0,1.0,86,62,0,122
1.066282716627028e-05,0.774074074074074,0.6666666666666666,1.0,0.8,1.0,1.0,87,61,0,122
1.0761940698895549e-05,0.7777777777777778,0.6703296703296703,1.0,0.8026315789473685,1.0,1.0,88,60,0,122
1.0972995262661852e-05,0.7814814814814814,0.6740331491712708,1.0,0.8052805280528053,1.0,1.0,89,59,0,122
1.1245972990384678e-05,0.7851851851851852,0.6777777777777778,1.0,0.8079470198675497,1.0,1.0,90,58,0,122
1.1548648712539758e-05,0.7888888888888889,0.6815642458100558,1.0,0.8106312292358804,1.0,1.0,91,57,0,122
1.1784842977134746e-05,0.7925925925925926,0.6853932584269663,1.0,0.8133333333333334,1.0,1.0,92,56,0,122
1.220855962209815e-05,0.7962962962962963,0.6892655367231638,1.0,0.8160535117056856,1.0,1.0,93,55,0,122
1.2981203147302711e-05,0.8,0.6931818181818182,1.0,0.8187919463087249,1.0,1.0,94,54,0,122
1.3887873134598307e-05,0.8037037037037037,0.6971428571428572,1.0,0.8215488215488216,1.0,1.0,95,53,0,122
1.4819248954286895e-05,0.8074074074074075,0.7011494252873564,1.0,0.8243243243243243,1.0,1.0,96,52,0,122
1.5406731778991012e-05,0.8111111111111111,0.7052023121387283,1.0,0.8271186440677966,1.0,1.0,97,51,0,122
1.689332163614454e-05,0.8148148148148148,0.7093023255813954,1.0,0.8299319727891157,1.0,1.0,98,50,0,122
1.85778883305266e-05,0.8185185185185185,0.7134502923976608,1.0,0.8327645051194539,1.0,1.0,99,49,0,122
1.901190571105353e-05,0.8222222222222222,0.7176470588235294,1.0,0.8356164383561644,1.0,1.0,100,48,0,122
1.9179004720787486e-05,0.825925925925926,0.7218934911242604,1.0,0.8384879725085911,1.0,1.0,101,47,0,122
1.97453910512756e-05,0.8296296296296296,0.7261904761904762,1.0,0.8413793103448276,1.0,1.0,102,46,0,122
2.150532374840051e-05,0.8333333333333334,0.7305389221556886,1.0,0.8442906574394463,1.0,1.0,103,45,0,122
2.298979971399947e-05,0.837037037037037,0.7349397590361446,1.0,0.8472222222222222,1.0,1.0,104,44,0,122
2.3561465689780073e-05,0.8407407407407408,0.7393939393939394,1.0,0.8501742160278746,1.0,1.0,105,43,0,122
2.4133050306888284e-05,0.8444444444444444,0.7439024390243902,1.0,0.8531468531468531,1.0,1.0,106,42,0,122
2.4677347833482308e-05,0.8481481481481481,0.7484662576687117,1.0,0.856140350877193,1.0,1.0,107,41,0,122
2.5678272860459125e-05,0.8518518518518519,0.7530864197530864,1.0,0.8591549295774648,1.0,1.0,108,40,0,122
2.7319798361200622e-05,0.8555555555555555,0.7577639751552795,1.0,0.8621908127208481,1.0,1.0,109,39,0,122
2.839256578479149e-05,0.8592592592592593,0.7625,1.0,0.8652482269503546,1.0,1.0,110,38,0,122
2.8479251636256076e-05,0.8629629629629629,0.7672955974842768,1.0,0.8683274021352313,1.0,1.0,111,37,0,122
2.8516026374755484e-05,0.8666666666666667,0.7721518987341772,1.0,0.8714285714285714,1.0,1.0,112,36,0,122
2.9341582891208868e-05,0.8703703703703703,0.7770700636942676,1.0,0.8745519713261649,1.0,1.0,113,35,0,122
3.0263161141091764e-05,0.8740740740740741,0.782051282051282,1.0,0.8776978417266187,1.0,1.0,114,34,0,122
3.137631651009601e-05,0.8777777777777778,0.7870967741935484,1.0,0.8808664259927798,1.0,1.0,115,33,0,122
3.2686308247821824e-05,0.8814814814814815,0.7922077922077922,1.0,0.8840579710144928,1.0,1.0,116,32,0,122
3.4046046515315646e-05,0.8851851851851852,0.7973856209150327,1.0,0.8872727272727273,1.0,1.0,117,31,0,122
3.562767148319462e-05,0.8888888888888888,0.8026315789473685,1.0,0.8905109489051095,1.0,1.0,118,30,0,122
3.636896051498738e-05,0.8925925925925926,0.8079470198675497,1.0,0.8937728937728938,1.0,1.0,119,29,0,122
3.9354184782008775e-05,0.8962962962962963,0.8133333333333334,1.0,0.8970588235294118,1.0,1.0,120,28,0,122
4.2849821156239694e-05,0.9,0.8187919463087249,1.0,0.9003690036900369,1.0,1.0,121,27,0,122
4.3993077720518556e-05,0.9037037037037037,0.8243243243243243,1.0,0.9037037037037037,1.0,1.0,122,26,0,122
4.4749340254748016e-05,0.9074074074074074,0.8299319727891157,1.0,0.9070631970260223,1.0,1.0,123,25,0,122
4.581322276071015e-05,0.9111111111111111,0.8356164383561644,1.0,0.9104477611940298,1.0,1.0,124,24,0,122
5.915863945127017e-05,0.9148148148148149,0.8413793103448276,1.0,0.9138576779026217,1.0,1.0,125,23,0,122
7.22370931312728e-05,0.9185185185185185,0.8472222222222222,1.0,0.9172932330827067,1.0,1.0,126,22,0,122
7.526938616328023e-05,0.9222222222222223,0.8531468531468531,1.0,0.9207547169811321,1.0,1.0,127,21,0,122
8.035274594503285e-05,0.9259259259259259,0.8591549295774648,1.0,0.9242424242424242,1.0,1.0,128,20,0,122
8.286999190121731e-05,0.9296296296296296,0.8652482269503546,1.0,0.9277566539923955,1.0,1.0,129,19,0,122
8.300823721004872e-05,0.9333333333333333,0.8714285714285714,1.0,0.9312977099236641,1.0,1.0,130,18,0,122
8.663991527506148e-05,0.937037037037037,0.8776978417266187,1.0,0.9348659003831418,1.0,1.0,131,17,0,122
9.499209373533366e-05,0.9407407407407408,0.8840579710144928,1.0,0.9384615384615385,1.0,1.0,132,16,0,122
0.00010089175244735068,0.9444444444444444,0.8905109489051095,1.0,0.9420849420849421,1.0,1.0,133,15,0,122
0.00010525751134352098,0.9481481481481482,0.8970588235294118,1.0,0.9457364341085271,1.0,1.0,134,14,0,122
0.00012208967769631338,0.9518518518518518,0.9037037037037037,1.0,0.9494163424124513,1.0,1.0,135,13,0,122
0.0001438547311452154,0.9555555555555556,0.9104477611940298,1.0,0.953125,1.0,1.0,136,12,0,122
0.00015409206646130699,0.9592592592592593,0.9172932330827067,1.0,0.9568627450980393,1.0,1.0,137,11,0,122
0.00017310489109566263,0.9629629629629629,0.9242424242424242,1.0,0.9606299212598425,1.0,1.0,138,10,0,122
0.00020143631594802267,0.9666666666666667,0.9312977099236641,1.0,0.9644268774703557,1.0,1.0,139,9,0,122
0.00022649892712649065,0.9703703703703703,0.9384615384615385,1.0,0.9682539682539683,1.0,1.0,140,8,0,122
0.00026315148026606757,0.9740740740740741,0.9457364341085271,1.0,0.9721115537848606,1.0,1.0,141,7,0,122
0.00031359267288156407,0.9777777777777777,0.953125,1.0,0.976,1.0,1.0,142,6,0,122
0.0004172857273210109,0.9814814814814815,0.9606299212598425,1.0,0.9799196787148594,1.0,1.0,143,5,0,122
0.0012687490757580045,0.9851851851851852,0.9682539682539683,1.0,0.9838709677419355,1.0,1.0,144,4,0,122
0.0027542386579775873,0.9888888888888889,0.976,1.0,0.9878542510121457,1.0,1.0,145,3,0,122
0.00611298252394688,0.9925925925925926,0.9838709677419355,1.0,0.991869918699187,1.0,1.0,146,2,0,122
0.009283671853097928,0.9962962962962963,0.991869918699187,1.0,0.9959183673469387,1.0,1.0,147,1,0,122
0.5,1.0,1.0,1.0,1.0,1.0,1.0,148,0,0,122
0.5016457401990693,1.0,1.0,1.0,1.0,1.0,1.0,148,0,0,122
0.9938759463481979,0.9962962962962963,1.0,0.9918032786885246,0.9958847736625515,1.0,1.0,148,0,1,121
0.9956610902946945,0.9925925925925926,1.0,0.9836065573770492,0.9917355371900827,1.0,1.0,148,0,2,120
0.997370739352279,0.9888888888888889,1.0,0.9754098360655737,0.9875518672199171,1.0,1.0,148,0,3,119
0.9980716155854092,0.9851851851851852,1.0,0.9672131147540983,0.9833333333333333,1.0,1.0,148,0,4,118
0.9985526403760151,0.9814814814814815,1.0,0.9590163934426229,0.9790794979079498,1.0,1.0,148,0,5,117
0.9988353134482308,0.9777777777777777,1.0,0.9508196721311475,0.9747899159663865,1.0,1.0,148,0,6,116
0.9991239278976745,0.9740740740740741,1.0,0.9426229508196722,0.9704641350210971,1.0,1.0,148,0,7,115
0.999282637040769,0.9703703703703703,1.0,0.9344262295081968,0.9661016949152542,1.0,1.0,148,0,8,114
0.9993461081635924,0.9666666666666667,1.0,0.9262295081967213,0.9617021276595744,1.0,1.0,148,0,9,113
0.9993705491350235,0.9629629629629629,1.0,0.9180327868852459,0.9572649572649573,1.0,1.0,148,0,10,112
0.9993950560739122,0.9592592592592593,1.0,0.9098360655737705,0.9527896995708155,1.0,1.0,148,0,11,111
0.9994783528056665,0.9555555555555556,1.0,0.9016393442622951,0.9482758620689655,1.0,1.0,148,0,12,110
0.9995599144532765,0.9518518518518518,1.0,0.8934426229508197,0.9437229437229437,1.0,1.0,148,0,13,109
0.9995639486589243,0.9481481481481482,1.0,0.8852459016393442,0.9391304347826087,1.0,1.0,148,0,14,108
0.9995732483109192,0.9444444444444444,1.0,0.8770491803278688,0.9344978165938864,1.0,1.0,148,0,15,107
0.999584097812364,0.9407407407407408,1.0,0.8688524590163934,0.9298245614035088,1.0,1.0,148,0,16,106
0.9995960525782732,0.937037037037037,1.0,0.860655737704918,0.9251101321585903,1.0,1.0,148,0,17,105
0.9996117761736946,0.9333333333333333,1.0,0.8524590163934426,0.9203539823008849,1.0,1.0,148,0,18,104
0.9996298465914704,0.9296296296296296,1.0,0.8442622950819673,0.9155555555555556,1.0,1.0,148,0,19,103
0.9996428100008233,0.9259259259259259,1.0,0.8360655737704918,0.9107142857142857,1.0,1.0,148,0,20,102
0.9996475626056069,0.9222222222222223,1.0,0.8278688524590164,0.905829596412556,1.0,1.0,148,0,21,101
0.9996715587449649,0.9185185185185185,1.0,0.819672131147541,0.9009009009009009,1.0,1.0,148,0,22,100
0.9997185161985457,0.9148148148148149,1.0,0.8114754098360656,0.8959276018099548,1.0,1.0,148,0,23,99
0.999759529299239,0.9111111111111111,1.0,0.8032786885245902,0.8909090909090909,1.0,1.0,148,0,24,98
0.9997813861409914,0.9074074074074074,1.0,0.7950819672131147,0.8858447488584474,1.0,1.0,148,0,25,97
0.9998119738418068,0.9037037037037037,1.0,0.7868852459016393,0.8807339449541285,1.0,1.0,148,0,26,96
0.9998360907742729,0.9,1.0,0.7786885245901639,0.8755760368663594,1.0,1.0,148,0,27,95
0.9998497925006831,0.8962962962962963,1.0,0.7704918032786885,0.8703703703703703,1.0,1.0,148,0,28,94
0.9998680690876451,0.8925925925925926,1.0,0.7622950819672131,0.8651162790697674,1.0,1.0,148,0,29,93
0.9998755038612688,0.8888888888888888,1.0,0.7540983606557377,0.8598130841121495,1.0,1.0,148,0,30,92
0.9998766901225994,0.8851851851851852,1.0,0.7459016393442623,0.8544600938967136,1.0,1.0,148,0,31,91
0.9998798832316238,0.8814814814814815,1.0,0.7377049180327869,0.8490566037735849,1.0,1.0,148,0,32,90
0.9998945843606443,0.8777777777777778,1.0,0.7295081967213115,0.8436018957345972,1.0,1.0,148,0,33,89
0.9999109336252279,0.8740740740740741,1.0,0.7213114754098361,0.8380952380952381,1.0,1.0,148,0,34,88
0.9999198030492136,0.8703703703703703,1.0,0.7131147540983607,0.8325358851674641,1.0,1.0,148,0,35,87
0.9999256959811653,0.8666666666666667,1.0,0.7049180327868853,0.8269230769230769,1.0,1.0,148,0,36,86
0.9999280890456371,0.8629629629629629,1.0,0.6967213114754098,0.821256038647343,1.0,1.0,148,0,37,85
0.9999342935950506,0.8592592592592593,1.0,0.6885245901639344,0.8155339805825242,1.0,1.0,148,0,38,84
0.9999411497516053,0.8555555555555555,1.0,0.680327868852459,0.8097560975609757,1.0,1.0,148,0,39,83
0.9999438494071441,0.8518518518518519,1.0,0.6721311475409836,0.803921568627451,1.0,1.0,148,0,40,82
0.9999469109684775,0.8481481481481481,1.0,0.6639344262295082,0.7980295566502463,1.0,1.0,148,0,41,81
0.9999536359929972,0.8444444444444444,1.0,0.6557377049180327,0.7920792079207921,1.0,1.0,148,0,42,80
0.9999596781213417,0.8407407407407408,1.0,0.6475409836065574,0.7860696517412935,1.0,1.0,148,0,43,79
0.9999609727856102,0.837037037037037,1.0,0.639344262295082,0.78,1.0,1.0,148,0,44,78
0.9999627347581628,0.8333333333333334,1.0,0.6311475409836066,0.7738693467336684,1.0,1.0,148,0,45,77
0.9999644556367351,0.8296296296296296,1.0,0.6229508196721312,0.7676767676767676,1.0,1.0,148,0,46,76
0.9999652822690235,0.825925925925926,1.0,0.6147540983606558,0.7614213197969543,1.0,1.0,148,0,47,75
0.9999659280395019,0.8222222222222222,1.0,0.6065573770491803,0.7551020408163265,1.0,1.0,148,0,48,74
0.9999676509126272,0.8185185185185185,1.0,0.5983606557377049,0.7487179487179487,1.0,1.0,148,0,49,73
0.9999696054953549,0.8148148148148148,1.0,0.5901639344262295,0.7422680412371134,1.0,1.0,148,0,50,72
0.9999713443434024,0.8111111111111111,1.0,0.5819672131147541,0.7357512953367875,1.0,1.0,148,0,51,71
0.9999733297728972,0.8074074074074075,1.0,0.5737704918032787,0.7291666666666666,1.0,1.0,148,0,52,70
0.9999758024459955,0.8037037037037037,1.0,0.5655737704918032,0.7225130890052356,1.0,1.0,148,0,53,69
0.9999780995529337,0.8,1.0,0.5573770491803278,0.7157894736842105,1.0,1.0,148,0,54,68
0.9999789896578304,0.7962962962962963,1.0,0.5491803278688525,0.708994708994709,1.0,1.0,148,0,55,67
0.999980080506143,0.7925925925925926,1.0,0.5409836065573771,0.7021276595744681,1.0,1.0,148,0,56,66
0.9999808145973552,0.7888888888888889,1.0,0.5327868852459017,0.6951871657754011,1.0,1.0,148,0,57,65
0.9999810657919797,0.7851851851851852,1.0,0.5245901639344263,0.6881720430107527,1.0,1.0,148,0,58,64
0.9999817105344875,0.7814814814814814,1.0,0.5163934426229508,0.6810810810810811,1.0,1.0,148,0,59,63
0.9999830024730701,0.7777777777777778,1.0,0.5081967213114754,0.6739130434782609,1.0,1.0,148,0,60,62
0.9999840378390408,0.774074074074074,1.0,0.5,0.6666666666666666,1.0,1.0,148,0,61,61
0.9999844633063719,0.7703703703703704,1.0,0.4918032786885246,0.6593406593406593,1.0,1.0,148,0,62,60
0.9999849167200757,0.7666666666666667,1.0,0.48360655737704916,0.6519337016574586,1.0,1.0,148,0,63,59
0.9999859458097171,0.762962962962963,1.0,0.47540983606557374,0.6444444444444445,1.0,1.0,148,0,64,58
0.9999869569478588,0.7592592592592593,1.0,0.4672131147540984,0.6368715083798883,1.0,1.0,148,0,65,57
0.9999876014706911,0.7555555555555555,1.0,0.45901639344262296,0.6292134831460674,1.0,1.0,148,0,66,56
0.9999884638880396,0.7518518518518519,1.0,0.45081967213114754,0.6214689265536724,1.0,1.0,148,0,67,55
0.9999893727012505,0.7481481481481481,1.0,0.4426229508196721,0.6136363636363636,1.0,1.0,148,0,68,54
0.9999899199078264,0.7444444444444445,1.0,0.4344262295081967,0.6057142857142858,1.0,1.0,148,0,69,53
0.9999901732675172,0.7407407407407407,1.0,0.4262295081967213,0.5977011494252874,1.0,1.0,148,0,70,52
0.9999905853419684,0.737037037037037,1.0,0.4180327868852459,0.5895953757225434,1.0,1.0,148,0,71,51
0.9999913644473188,0.7333333333333333,1.0,0.4098360655737705,0.5813953488372093,1.0,1.0,148,0,72,50
0.9999918574246436,0.7296296296296296,1.0,0.4016393442622951,0.5730994152046783,1.0,1.0,148,0,73,49
0.9999918970458699,0.725925925925926,1.0,0.39344262295081966,0.5647058823529412,1.0,1.0,148,0,74,48
0.9999920678277561,0.7222222222222222,1.0,0.38524590163934425,0.5562130177514792,1.0,1.0,148,0,75,47
0.9999922632063987,0.7185185185185186,1.0,0.3770491803278688,0.5476190476190477,1.0,1.0,148,0,76,46
0.9999928514152814,0.7148148148148148,1.0,0.36885245901639346,0.5389221556886228,1.0,1.0,148,0,77,45
0.9999940823925706,0.7111111111111111,1.0,0.36065573770491804,0.5301204819277109,1.0,1.0,148,0,78,44
0.9999948801213766,0.7074074074074074,1.0,0.3524590163934426,0.5212121212121212,1.0,1.0,148,0,79,43
0.9999951931323663,0.7037037037037037,1.0,0.3442622950819672,0.5121951219512195,1.0,1.0,148,0,80,42
0.999995536159299,0.7,1.0,0.3360655737704918,0.5030674846625767,1.0,1.0,148,0,81,41
0.99999585020811,0.6962962962962963,1.0,0.32786885245901637,0.49382716049382713,1.0,1.0,148,0,82,40
0.9999963732570187,0.6925925925925925,1.0,0.319672131147541,0.484472049689441,1.0,1.0,148,0,83,39
0.9999967440747064,0.6888888888888889,1.0,0.3114754098360656,0.475,1.0,1.0,148,0,84,38
0.9999968411663266,0.6851851851851852,1.0,0.30327868852459017,0.46540880503144655,1.0,1.0,148,0,85,37
0.9999969232221996,0.6814814814814815,1.0,0.29508196721311475,0.45569620253164556,1.0,1.0,148,0,86,36
0.9999970621009677,0.6777777777777778,1.0,0.28688524590163933,0.445859872611465,1.0,1.0,148,0,87,35
0.9999971978947768,0.674074074074074,1.0,0.2786885245901639,0.4358974358974359,1.0,1.0,148,0,88,34
0.9999972399125201,0.6703703703703704,1.0,0.27049180327868855,0.4258064516129032,1.0,1.0,148,0,89,33
0.9999972962328165,0.6666666666666666,1.0,0.26229508196721313,0.4155844155844156,1.0,1.0,148,0,90,32
0.9999973320147273,0.662962962962963,1.0,0.2540983606557377,0.40522875816993464,1.0,1.0,148,0,91,31
0.9999973514095779,0.6592592592592592,1.0,0.2459016393442623,0.39473684210526316,1.0,1.0,148,0,92,30
0.999997463458925,0.6555555555555556,1.0,0.23770491803278687,0.3841059602649007,1.0,1.0,148,0,93,29
0.9999975999987192,0.6518518518518519,1.0,0.22950819672131148,0.37333333333333335,1.0,1.0,148,0,94,28
0.9999979136202298,0.6481481481481481,1.0,0.22131147540983606,0.3624161073825503,1.0,1.0,148,0,95,27
0.9999982913357974,0.6444444444444445,1.0,0.21311475409836064,0.35135135135135137,1.0,1.0,148,0,96,26
0.999998488715909,0.6407407407407407,1.0,0.20491803278688525,0.3401360544217687,1.0,1.0,148,0,97,25
0.9999986686156008,0.6370370370370371,1.0,0.19672131147540983,0.3287671232876712,1.0,1.0,148,0,98,24
0.9999988830200044,0.6333333333333333,1.0,0.1885245901639344,0.31724137931034485,1.0,1.0,148,0,99,23
0.9999990663667679,0.6296296296296297,1.0,0.18032786885245902,0.3055555555555556,1.0,1.0,148,0,100,22
0.999999133476392,0.6259259259259259,1.0,0.1721311475409836,0.2937062937062937,1.0,1.0,148,0,101,21
0.9999992087834046,0.6222222222222222,1.0,0.16393442622950818,0.28169014084507044,1.0,1.0,148,0,102,20
0.9999993117631218,0.6185185185185185,1.0,0.1557377049180328,0.2695035460992908,1.0,1.0,148,0,103,19
0.9999994140991565,0.6148148148148148,1.0,0.14754098360655737,0.2571428571428571,1.0,1.0,148,0,104,18
0.9999995650755131,0.6111111111111112,1.0,0.13934426229508196,0.2446043165467626,1.0,1.0,148,0,105,17
0.9999996574568104,0.6074074074074074,1.0,0.13114754098360656,0.2318840579710145,1.0,1.0,148,0,106,16
0.9999996682907233,0.6037037037037037,1.0,0.12295081967213115,0.21897810218978103,1.0,1.0,148,0,107,15
0.9999996895752336,0.6,1.0,0.11475409836065574,0.20588235294117646,1.0,1.0,148,0,108,14
0.9999997441508458,0.5962962962962963,1.0,0.10655737704918032,0.1925925925925926,1.0,1.0,148,0,109,13
0.9999997949935606,0.5925925925925926,1.0,0.09836065573770492,0.1791044776119403,1.0,1.0,148,0,110,12
0.9999998072206701,0.5888888888888889,1.0,0.09016393442622951,0.16541353383458646,1.0,1.0,148,0,111,11
0.9999998120067228,0.5851851851851851,1.0,0.08196721311475409,0.15151515151515152,1.0,1.0,148,0,112,10
0.9999998278574261,0.5814814814814815,1.0,0.07377049180327869,0.13740458015267176,1.0,1.0,148,0,113,9
0.9999998930580714,0.5777777777777777,1.0,0.06557377049180328,0.12307692307692308,1.0,1.0,148,0,114,8
0.9999999455021891,0.5740740740740741,1.0,0.05737704918032787,0.10852713178294573,1.0,1.0,148,0,115,7
0.9999999523192,0.5703703703703704,1.0,0.04918032786885246,0.09375,1.0,1.0,148,0,116,6
0.9999999604934352,0.5666666666666667,1.0,0.040983606557377046,0.07874015748031496,1.0,1.0,148,0,117,5
0.9999999653460956,0.562962962962963,1.0,0.03278688524590164,0.06349206349206349,1.0,1.0,148,0,118,4
0.9999999744927821,0.5592592592592592,1.0,0.02459016393442623,0.048,1.0,1.0,148,0,119,3
0.999999986329932,0.5555555555555556,1.0,0.01639344262295082,0.03225806451612903,1.0,1.0,148,0,120,2
0.999999992248084,0.5518518518518518,1.0,0.00819672131147541,0.016260162601626018,1.0,1.0,148,0,121,1
0.9999999999999999,0.5481481481481482,0.0,0.0,0.0,1.0,1.0,148,0,122,0
